{
    "APP_MESSAGES": {
        "SUCCESS": {
            "errorCode": "success",
            "message": "Success",
            "statusCode": 200
        },
        "ERROR_VALIDATION": {
            "errorCode": "requestParamsNotComplete",
            "message": "Validation Error",
            "statusCode": 400
        },
        "ERROR_SERVER_ERROR": {
            "errorCode": "serverError",
            "message": "Server Error",
            "statusCode": 500
        },
        "ERROR_DATA_NOT_FOUND": {
            "errorCode": "dataNotFound",
            "message": "No data found",
            "statusCode": 404
        },
        "ERROR_ALREADY_EXIST": {
            "errorCode": "dataAlreadyExist",
            "message": "Data already exist.",
            "statusCode": 404
        },
        "PROCESS_ERROR": {
            "errorCode": "processError",
            "message": "Oops! An error occur while processing your request.",
            "statusCode": 404
        },
        "INVALID_LOGIN_CREDENTIAL": {
            "errorCode": "invalidlogincredential",
            "message": "Please enter correct Email/Passwoord.",
            "statusCode": 404
        },
        "PERMISSION_ERROR": {
            "errorCode": "permissionError",
            "message": "Your are not allowed to perform this operation.",
            "statusCode": 404
        },
        "ID_ERROR": {
            "errorCode": "idError",
            "message": "Please enter correct id.",
            "statusCode": 404
        },
        "STATUS_EMPTY": {
            "errorCode": "statusEmpty",
            "message": "Status is required.",
            "statusCode": 404
        },
        "TYPE_EMPTY": {
            "errorCode": "typeEmpty",
            "message": "User's type is required.",
            "statusCode": 404
        },
        "EMAIL_EMPTY" : {
            "errorCode": "emailEmpty",
            "message": "Email is required.",
            "statusCode": 404
        },
        "PASSWORD_EMPTY" : {
            "errorCode": "emailEmpty",
            "message": "Password is required.",
            "statusCode": 404
        },
        "INACTIVE_ACCOUNT" : {
            "errorCode": "inactiveAccount",
            "message": "Your account is inactive. Please contact support team.",
            "statusCode": 404
        },
        "BLOCK_ACCOUNT" : {
            "errorCode": "blockAccount",
            "message": "Your account is block. Please contact support team.",
            "statusCode": 404
        },
        "DELETE_ACCOUNT" : {
            "errorCode": "deleteAccount",
            "message": "Your account is deleted. Please contact support team.",
            "statusCode": 404
        },
        "NAME_EMPTY" : {
            "errorCode": "nameEmpty",
            "message": "Name is required.",
            "statusCode": 404
        },
        "PHONE_EMPTY" : {
            "errorCode": "phoneEmpty",
            "message": "Phone is required.",
            "statusCode": 404
        },
        "ALREADY_REGISTERED" : {
            "errorCode": "alreadyRegistered",
            "message": "User already registered.",
            "statusCode": 404
        },
        "INVALID_OTP" : {
            "errorCode": "invalidOtp",
            "message": "Please enter correct One Time Password (OTP).",
            "statusCode": 404
        },
        "OTP_EMPTY" : {
            "errorCode": "otpEmpty",
            "message": "One Time Password (OTP) is required.",
            "statusCode": 404
        },
        "COIN_NAME_EMPTY" : {
            "errorCode": "coinNameEmpty",
            "message": "Coin name is required.",
            "statusCode": 404
        },
        "COIN_SYMBOL_EMPTY" : {
            "errorCode": "coinSymbolEmpty",
            "message": "Coin symbol is required.",
            "statusCode": 404
        },
        "COIN_ID_EMPTY" : {
            "errorCode": "coinIDEmpty",
            "message": "Coin id is required.",
            "statusCode": 404
        },
        "COIN_EMPTY" : {
            "errorCode": "coinEmpty",
            "message": "Coin is required.",
            "statusCode": 404
        },
        "AMOUNT_EMPTY" : {
            "errorCode": "amountEmpty",
            "message": "Amount is required.",
            "statusCode": 404
        }
    }
}
